{
"ALA_ALA":-0.090000,
"ALA_CYS":0.010000,
"ALA_PHE":-0.020000,
"ALA_ILE":-0.070000,
"ALA_LEU":-0.040000,
"ALA_MET":0.000000,
"ALA_VAL":-0.070000,
"ALA_TRP":0.010000,
"ALA_TYR":0.050000,
"CYS_CYS":-0.540000,
"ASP_ALA":0.180000,
"ASP_CYS":0.310000,
"ASP_ASP":0.030000,
"ASP_PHE":0.260000,
"ASP_GLY":0.130000,
"ASP_ILE":0.240000,
"ASP_LEU":0.280000,
"ASP_MET":0.160000,
"ASP_ASN":-0.100000,
"ASP_GLN":-0.190000,
"ASP_SER":-0.140000,
"ASP_THR":-0.110000,
"ASP_VAL":0.270000,
"ASP_TRP":0.050000,
"ASP_TYR":-0.070000,
"GLU_ALA":0.100000,
"GLU_CYS":0.260000,
"GLU_ASP":0.040000,
"GLU_GLU":-0.080000,
"GLU_PHE":0.330000,
"GLU_GLY":-0.060000,
"GLU_ILE":0.320000,
"GLU_LEU":0.410000,
"GLU_MET":0.370000,
"GLU_ASN":-0.100000,
"GLU_GLN":-0.270000,
"GLU_SER":-0.200000,
"GLU_THR":-0.130000,
"GLU_VAL":0.410000,
"GLU_TRP":0.150000,
"GLU_TYR":-0.030000,
"PHE_CYS":-0.020000,
"PHE_PHE":-0.220000,
"PHE_MET":-0.240000,
"GLY_ALA":-0.050000,
"GLY_CYS":0.030000,
"GLY_PHE":0.160000,
"GLY_GLY":-0.260000,
"GLY_ILE":0.170000,
"GLY_LEU":0.180000,
"GLY_MET":0.100000,
"GLY_VAL":0.090000,
"GLY_TRP":0.030000,
"GLY_TYR":0.030000,
"HIS_ALA":0.100000,
"HIS_CYS":-0.010000,
"HIS_ASP":-0.190000,
"HIS_GLU":-0.260000,
"HIS_PHE":0.000000,
"HIS_GLY":0.040000,
"HIS_HIS":-0.360000,
"HIS_ILE":0.180000,
"HIS_LEU":0.170000,
"HIS_MET":-0.020000,
"HIS_ASN":0.020000,
"HIS_GLN":-0.090000,
"HIS_SER":-0.060000,
"HIS_THR":0.500000,
"HIS_VAL":0.190000,
"HIS_TRP":-0.080000,
"HIS_TYR":-0.050000,
"ILE_CYS":-0.030000,
"ILE_PHE":-0.110000,
"ILE_ILE":-0.180000,
"ILE_MET":-0.130000,
"LYS_ALA":0.130000,
"LYS_CYS":0.350000,
"LYS_ASP":-0.580000,
"LYS_GLU":-0.490000,
"LYS_PHE":0.220000,
"LYS_GLY":0.010000,
"LYS_HIS":0.100000,
"LYS_ILE":0.230000,
"LYS_LYS":0.160000,
"LYS_LEU":0.240000,
"LYS_MET":0.240000,
"LYS_ASN":-0.170000,
"LYS_GLN":-0.180000,
"LYS_ARG":0.280000,
"LYS_SER":-0.050000,
"LYS_THR":-0.020000,
"LYS_VAL":0.220000,
"LYS_TRP":-0.050000,
"LYS_TYR":-0.120000,
"LEU_CYS":-0.000000,
"LEU_PHE":-0.140000,
"LEU_ILE":-0.200000,
"LEU_LEU":-0.190000,
"LEU_MET":-0.120000,
"MET_CYS":-0.030000,
"MET_MET":-0.190000,
"ASN_ALA":0.080000,
"ASN_CYS":0.100000,
"ASN_PHE":0.070000,
"ASN_GLY":-0.010000,
"ASN_ILE":0.120000,
"ASN_LEU":0.140000,
"ASN_MET":0.040000,
"ASN_ASN":-0.100000,
"ASN_SER":-0.040000,
"ASN_THR":-0.090000,
"ASN_VAL":0.150000,
"ASN_TRP":0.090000,
"ASN_TYR":-0.060000,
"PRO_ALA":0.050000,
"PRO_CYS":0.030000,
"PRO_ASP":0.040000,
"PRO_GLU":0.030000,
"PRO_PHE":0.030000,
"PRO_GLY":-0.080000,
"PRO_HIS":-0.080000,
"PRO_ILE":0.120000,
"PRO_LYS":0.050000,
"PRO_LEU":0.090000,
"PRO_MET":0.010000,
"PRO_ASN":-0.100000,
"PRO_PRO":-0.110000,
"PRO_GLN":-0.040000,
"PRO_ARG":-0.030000,
"PRO_SER":-0.020000,
"PRO_THR":-0.030000,
"PRO_VAL":0.060000,
"PRO_TRP":-0.220000,
"PRO_TYR":-0.130000,
"GLN_ALA":0.070000,
"GLN_CYS":0.210000,
"GLN_PHE":0.220000,
"GLN_GLY":-0.100000,
"GLN_ILE":0.320000,
"GLN_LEU":0.260000,
"GLN_MET":0.190000,
"GLN_ASN":-0.200000,
"GLN_GLN":-0.270000,
"GLN_SER":-0.120000,
"GLN_THR":-0.120000,
"GLN_VAL":0.250000,
"GLN_TRP":0.060000,
"GLN_TYR":0.020000,
"ARG_ALA":0.180000,
"ARG_CYS":0.330000,
"ARG_ASP":-0.520000,
"ARG_GLU":-0.510000,
"ARG_PHE":0.200000,
"ARG_GLY":0.020000,
"ARG_HIS":-0.020000,
"ARG_ILE":0.210000,
"ARG_LEU":0.210000,
"ARG_MET":0.210000,
"ARG_ASN":-0.140000,
"ARG_GLN":-0.080000,
"ARG_ARG":0.030000,
"ARG_SER":-0.040000,
"ARG_THR":-0.030000,
"ARG_VAL":0.220000,
"ARG_TRP":-0.030000,
"ARG_TYR":-0.100000,
"SER_ALA":0.000000,
"SER_CYS":0.080000,
"SER_PHE":0.100000,
"SER_GLY":-0.100000,
"SER_ILE":0.200000,
"SER_LEU":0.200000,
"SER_MET":0.190000,
"SER_SER":-0.170000,
"SER_THR":-0.130000,
"SER_VAL":0.160000,
"SER_TRP":0.150000,
"SER_TYR":0.040000,
"THR_ALA":0.000000,
"THR_CYS":0.120000,
"THR_PHE":0.130000,
"THR_GLY":-0.080000,
"THR_ILE":0.080000,
"THR_LEU":0.130000,
"THR_MET":0.090000,
"THR_THR":-0.080000,
"THR_VAL":0.100000,
"THR_TRP":0.190000,
"THR_TYR":0.080000,
"VAL_CYS":-0.030000,
"VAL_PHE":-0.110000,
"VAL_ILE":-0.160000,
"VAL_LEU":-0.190000,
"VAL_MET":-0.030000,
"VAL_VAL":-0.200000,
"TRP_CYS":-0.060000,
"TRP_PHE":-0.080000,
"TRP_ILE":-0.050000,
"TRP_LEU":-0.030000,
"TRP_MET":-0.210000,
"TRP_VAL":-0.020000,
"TRP_TRP":-0.110000,
"TYR_CYS":0.160000,
"TYR_PHE":-0.020000,
"TYR_ILE":0.020000,
"TYR_LEU":0.000000,
"TYR_MET":-0.080000,
"TYR_VAL":0.080000,
"TYR_TRP":0.010000,
"TYR_TYR":0.000000
}
